[
  {
    "name": "The Idiot",
    "description": "The Idiot (Russian: Идио́т, Idiot) is a novel by the 19th-century Russian author Fyodor Dostoyevsky. It was first published serially in the journal The Russian Messenger in 1868–9.The title is an ironic reference to the central character of the novel, Prince Lyov Nikolaevich Myshkin, a young man whose goodness and open-hearted simplicity lead many of the more worldly characters he encounters to mistakenly assume that he lacks intelligence and insight. In the character of Prince Myshkin, Dostoyevsky set himself the task of depicting the positively good and beautiful man. The novel examines the consequences of placing such a unique individual at the centre of the conflicts, desires, passions and egoism of worldly society, both for the man himself and for those with whom he becomes involved. The result, according to philosopher A.C. Grayling, is one of the most excoriating, compelling and remarkable books ever written; and without question one of the greatest.", 
    "author": "Fyodor Dostoyevsky",
    "genre": "Philosophical novel",
    "year_published": "1868–1869",
    "pages": 667,
    "images": [
      "images/idiot.jpg"
    ],
    "reviews": []
  },
  {
    "name": "The Hobbit",
    "description": "The Hobbit, or There and Back Again is a children's fantasy novel by English author J. R. R. Tolkien. It was published on 21 September 1937 to wide critical acclaim, being nominated for the Carnegie Medal and awarded a prize from the New York Herald Tribune for best juvenile fiction. The book remains popular and is recognized as a classic in children's literature.The Hobbit is set in a time between the Dawn of Færie and the Dominion of Men, and follows the quest of home-loving hobbit Bilbo Baggins to win a share of the treasure guarded by Smaug the dragon. Bilbo's journey takes him from light-hearted, rural surroundings into more sinister territory. The story is told in the form of an episodic quest, and most chapters introduce a specific creature or type of creature of Tolkien's geography. Bilbo gains a new level of maturity, competence, and wisdom by accepting the disreputable, romantic, fey, and adventurous sides of his nature and applying his wits and common sense. The story reaches its climax in the Battle of the Five Armies, where many of the characters and creatures from earlier chapters re-emerge to engage in conflict.Personal growth and forms of heroism are central themes of the story, along with motifs of warfare. These themes have led critics to view Tolkien's own experiences during World War I as instrumental in shaping the story. The author's scholarly knowledge of Germanic philology and interest in fairy tales are often noted as influences.",
    "author": "J. R. R. Tolkien",
    "genre": "High fantasy",
    "year_published": 1937,
    "pages": 320,
    "images": [
      "images/hobbit.jpg"
    ],
    "reviews": []
  },
  {
    "name": "Shutter Island",
    "description": "Shutter Island is a best-selling novel by Dennis Lehane, published by Harper Collins in April 2003. The novel has been adapted into a film by director Martin Scorsese, starring Leonardo DiCaprio as Teddy Daniels, Mark Ruffalo as Chuck Aule, Ben Kingsley as Dr. Cawley, and Max von Sydow as Dr. Naehring. The film was originally scheduled to be released by Paramount Pictures on October 2, 2009, in the United States and Canada. Paramount later announced it was going to push back the release date to February 19, 2010. Lehane has said he sought to write a novel that would be a homage to Gothic settings, B movies, and pulp. He described the novel as a hybrid of the works of the Brontë sisters and the 1956 film Invasion of the Body Snatchers. His intent was to write the main characters in a position where they would lack 20th century resources such as radio communications. He also structured the book to be more taut than his previous book, Mystic River. Lehane was inspired by the hospital and grounds on Long Island in Boston Harbor for the model of the hospital and island. Lehane had visited it in the Blizzard of 1978 as a child with his uncle and family.",
    "author": "Dennis Lehane",
    "genre": "Gothic, Psychological Horror, Crime",
    "year_published": 2003,
    "pages": 380,
    "images": [
      "images/shutter.jpg"
    ],
    "reviews": []
  }
]
