[
    {
        "bio": "Spanish professional footballer who plays as a right back for English club Arsenal and the Spain national team. Bellerín played internationally for Spain from under-16 to under-21 levels, making his senior debut in 2016 and being chosen for the year's European Championship. Having reached the semi-finals of the 2013 European Championship with the under-19 team, Bellerín made his debut for Albert Celades's under-21 team on 30 March 2015, playing the full 90 minutes of a 4–0 friendly win over Belarus in León.On 29 May 2016, after being named as a stand-by player for the year's European Championship Bellerín made his debut for the full squad by starting in a 3–1 friendly win against Bosnia and Herzegovina at the AFG Arena in St. Gallen, Switzerland. Two days later, he was chosen for the final squad after Dani Carvajal withdrew through injury. He was unused as they reached the last 16.", 
        "firstname": "Hector", 
        "lastname": "Bellerin", 
        "nationality": "Spain" 
    }, 
    { 
        "bio": "Italian professional footballer who plays as a central midfielder for French club Paris Saint Germain in Ligue 1 and the Italian national football team. A creative, hard-working, and technically gifted playmaker, Verratti began his career with Italian club Pescara in 2008, where he soon rose to prominence as one of the best young midfielders in Europe, helping the team to win the 2011–12 Serie B title, and winning the 2012 Bravo Award. His playing style drew comparisons with Andrea Pirlo, due to his passing ability, vision, and control, as well as his similar transition from the role of trequartista to that of a regista. In July 2012, he transferred to French side Paris Saint-Germain, where he has won four consecutive Ligue 1 titles, among other domestic and individual trophies. At international level, Verratti represented the Italy under-21 football team at the 2013 UEFA European Under-21 Championship, winning a runners-up medal, and being named to the all-star squad for the tournament. At senior level, he made his Italy debut in 2012, and represented his country at the 2014 FIFA World Cup.",
        "firstname": "Marco", 
        "lastname": "Veratty", 
        "nationality": "Italia" 
    }, 
    {
        "bio": "Argentine professional footballer who plays as a forward for Italian club Juventus and the Argentina national team. After beginning his career in Argentina with Instituto de Córdoba, in 2011, he moved to Italian club Palermo in 2012; his performances in Serie A later earned him a transfer to Juventus in 2015, where he won the league title, the Coppa Italia and the Supercoppa Italiana during his first season with the club. Due to his creative style of play, pace, talent, technique, and eye for goal, he has been nicknamed La Joya (The Jewel, in Spanish). A quick, creative, and agile player, with excellent technical ability, Dybala is known for his dribbling skills and close control in limited spaces, as well as his ability to protect and hold up the ball for team-mates with his back to goal. Following the departure of Paul Pogba to Manchester United in the summer of 2016, Dybala was offered the number 10 shirt by Juventus, although he reportedly turned it down, preferring to keep the number 21 jersey that he had worn during his previous season with the club.", 
        "firstname": "Paulo", 
        "lastname": "Dybala", 
        "nationality": "Argentina"
    }, 
    {
        "bio": "Portuguese professional footballer who plays as a midfielder for German club Bayern Munich and the Portugal national team. He began his career at Benfica, making his professional debut for the reserves in October 2014 and for the first team in October 2015. In his only season for them, the team won the Primeira Liga and Taça da Liga. He then agreed a move to Bayern Munich for an initial €35 million, the highest fee for a Portuguese player leaving the domestic league. Sanches won 40 caps and scored 8 goals for Portugal at youth level. He made his full international debut in March 2016 and was chosen for UEFA Euro 2016 at the age of 18, making him the youngest Portuguese to play in an international tournament; he scored one goal throughout the competition and won the Young Player of the Tournament as Portugal captured the title for the first time in their history. On 10 May 2016, Sanches signed a five-year contract effective from 1 July with German club Bayern Munich for €35 million, in a deal totalling €80 million, with the additional €45 million depending on objectives. With this transfer he became the most expensive Portuguese player to leave the domestic league.", 
        "firstname": "Renato", 
        "lastname": "Sanches", 
        "nationality": "Portugal"
    }, {
        "bio": "English professional footballer who plays as a left-back for Premier League club Manchester United and the England national team. Originally a member of Southampton's youth system, Shaw made his first-team debut for the club in January 2012, and signed his first professional contract in May that year before becoming a regular in the Southampton team over the next two seasons. In 2014, Shaw was signed by Manchester United for £30 million, then a world record transfer fee for a teenager. On 5 March 2014, he made his senior international debut for the England team in a 1–0 friendly win against Denmark, and later that year was selected in the squad for the FIFA World Cup. Shaw was born in Kingston upon Thames, London, and attended Rydens Enterprise School in Hersham, Surrey. He grew up as a Chelsea supporter, and has claimed that he originally wanted to play for the London club. As an eight-year-old Shaw played at Chelsea's development centre in Guildford, but was not offered an academy place. As a left-back with a tendency to play attacking football, Shaw has been compared to former Southampton youth product Gareth Bale", 
        "firstname": "Luke", 
        "lastname": "Shaw", 
        "nationality": "English"
    }
]
